OBJECTID,CID,Nat_resistance_2011,Nat_2c_default_corridors,Nat_3c_default_corridors,GP_Nat_node_corridors,GP_Nat_bar_corridors,node_close_corridors,GP_bar_close_corridors,Nat_2c_default_corridors_truncated_at_200k,Nat_3c_default_corridors_truncated_at_200k,GP_Nat_node_corridors_truncated_at_200k,GP_Nat_bar_corridors_truncated_at_200k,GP_bar_close_corridors_truncated_at_200k,node_close_corridors_truncated_at_200k
1,1,7,99690,99532,13721,56943,32848,67867,99690,99532,13721,56943,67867,32848
2,1,7,64766,65070,6335,39579,21349,41611,64766,65070,6335,39579,41611,21349
3,1,1,403058,403058,114180,212640,385411,489739,,,114180,,,
4,1,1,28846,7271,2330,9888,1512,11021,28846,7271,2330,9888,11021,1512
5,1,8,16715,4686,2763,6787,1686,6727,16715,4686,2763,6787,6727,1686
6,1,6,180030,67202,63951,118625,122490,174439,180030,67202,63951,118625,174439,122490
7,1,1,180278,180636,61292,117322,105547,150413,180278,180636,61292,117322,150413,105547
8,1,6,232376,188870,122117,158730,156718,248784,,188870,122117,158730,,156718
9,1,1,176285,115787,0,929,178246,311526,176285,115787,0,929,,178246
10,1,1,99482,99482,1510,3939,48459,168790,99482,99482,1510,3939,168790,48459
11,1,1,219946,194627,112965,155230,148418,246089,,194627,112965,155230,,148418
12,1,1,48490,17770,6561,14039,2561,14488,48490,17770,6561,14039,14488,2561
13,1,1,134592,22908,31096,77325,76927,126577,134592,22908,31096,77325,126577,76927
14,1,7,38749,20556,9583,18835,6573,18887,38749,20556,9583,18835,18887,6573
15,1,1,314953,190560,38522,98982,309223,432151,,190560,38522,98982,,
16,1,6,223299,131365,117934,167805,170279,225106,,131365,117934,167805,,170279
17,1,1,42716,75,112,12217,112,11697,42716,75,112,12217,11697,112
18,1,2,79459,8444,5673,35837,19285,47839,79459,8444,5673,35837,47839,19285
19,1,1,111124,91727,0,2252,60249,181927,111124,91727,0,2252,181927,60249
20,1,1,244410,243876,77968,141191,174436,250306,,,77968,141191,,174436
21,1,1,177653,177681,53936,112016,96172,147973,177653,177681,53936,112016,147973,96172
22,1,1,148174,148395,44817,76633,89270,163483,148174,148395,44817,76633,163483,89270
23,1,6,63448,14540,7826,32039,15488,48700,63448,14540,7826,32039,48700,15488
24,1,7,124139,20582,25784,63755,63226,98299,124139,20582,25784,63755,98299,63226
25,1,1,101951,12969,1820,16681,70983,146003,101951,12969,1820,16681,146003,70983
26,1,1,116824,17544,25703,69044,59290,109024,116824,17544,25703,69044,109024,59290
27,1,1,161577,161922,51279,106960,95185,132433,161577,161922,51279,106960,132433,95185
28,1,1,245476,244943,74460,137503,181355,260472,,,74460,137503,,181355
29,1,1,209827,210243,104240,140468,147119,193150,,,104240,140468,193150,147119
30,1,1,256424,122636,21882,64869,251796,360301,,122636,21882,64869,,
31,1,7,180640,180640,1893,22226,183629,325436,180640,180640,1893,22226,,183629
32,1,6,25100,20358,3388,11149,1174,12278,25100,20358,3388,11149,12278,1174
33,1,20,295261,196031,184044,233028,241076,296418,,196031,184044,,,
34,1,1,164475,21403,21747,61254,143000,199738,164475,21403,21747,61254,199738,143000
35,1,2,52421,52421,587,25907,2105,21640,52421,52421,587,25907,21640,2105
36,1,2,236393,120381,111377,166454,179964,235243,,120381,111377,166454,,179964
37,1,1,158864,158891,40787,95732,77325,125578,158864,158891,40787,95732,125578,77325
38,1,5,482945,483562,378714,411064,420489,466821,,,,,,
39,1,1,67717,67717,3799,41402,17798,33527,67717,67717,3799,41402,33527,17798
40,1,1,91070,90945,6587,52174,34059,55287,91070,90945,6587,52174,55287,34059
41,1,1,313534,313286,29869,124714,304180,418761,,,29869,124714,,
42,1,1,28150,28441,12204,18017,10252,19709,28150,28441,12204,18017,19709,10252
43,1,1,314615,223976,211989,256829,262916,317593,,,,,,
44,1,1,149302,80257,1046,6139,128319,252866,149302,80257,1046,6139,,128319
45,1,3,155188,154887,19383,75406,98226,190557,155188,154887,19383,75406,190557,98226
46,1,1,260566,157977,148055,201791,203603,259312,,157977,148055,,,
47,1,3,189805,189805,26391,67547,166526,286976,189805,189805,26391,67547,,166526
48,1,1,21113,21113,1546,4670,711,8696,21113,21113,1546,4670,8696,711
49,1,1,146725,45301,820,15681,134495,235550,146725,45301,820,15681,,134495
50,1,8,206816,109548,98604,150413,150315,206024,,109548,98604,150413,,150315
51,1,1,102907,102907,216,3776,50415,174263,102907,102907,216,3776,174263,50415
52,1,1,298426,298298,76146,158547,246272,340075,,,76146,158547,,
53,1,1,28675,15444,4324,8263,53,7722,28675,15444,4324,8263,7722,53
54,1,1,57695,23088,373,13080,4273,62862,57695,23088,373,13080,62862,4273
55,1,1,102692,102400,17977,63569,45454,66742,102692,102400,17977,63569,66742,45454
56,1,1,199502,123375,102038,141218,149392,202692,199502,123375,102038,141218,,149392
57,1,1,8557,8231,176,1969,4586,3478,8557,8231,176,1969,3478,4586
58,1,1,85184,85252,5840,38536,17572,96102,85184,85252,5840,38536,96102,17572
59,1,1,25866,25539,699,1230,75,12127,25866,25539,699,1230,12127,75
60,1,1,126447,120009,39453,65743,71996,152475,126447,120009,39453,65743,152475,71996
61,1,3,126477,119272,38417,68711,72030,155731,126477,119272,38417,68711,155731,72030
62,1,7,65528,18296,621,13993,18097,73158,65528,18296,621,13993,73158,18097
63,1,1,189733,141145,450,14532,205945,341768,189733,141145,450,14532,,
64,1,7,309287,309287,196406,234368,249758,299842,,,196406,,,
65,1,7,121138,121138,18734,63574,51985,121775,121138,121138,18734,63574,121775,51985
66,1,1,51562,51562,267,5405,6132,71648,51562,51562,267,5405,71648,6132
67,1,1,76034,76034,516,3470,20084,111456,76034,76034,516,3470,111456,20084
68,1,1,115029,114495,14663,62750,39913,83408,115029,114495,14663,62750,83408,39913
69,1,1,51528,51528,53,5688,5983,69400,51528,51528,53,5688,69400,5983
70,1,1,196188,196188,14012,70034,155093,248475,196188,196188,14012,70034,,155093
71,1,4,189555,189807,66381,123570,107315,154149,189555,189807,66381,123570,154149,107315
72,1,1,303683,303503,37324,124795,285548,396680,,,37324,124795,,
73,1,1,208712,208208,70268,134436,135140,195689,,,70268,134436,195689,135140
74,1,1,98456,98456,13498,56978,48454,89170,98456,98456,13498,56978,89170,48454
75,1,4,40673,10633,5888,14753,2632,15015,40673,10633,5888,14753,15015,2632
76,1,1,101339,51588,8220,49244,53181,111569,101339,51588,8220,49244,111569,53181
77,1,5,16188,16188,10939,18323,13723,13802,16188,16188,10939,18323,13802,13723
78,1,1,83508,10196,4095,23185,40657,82604,83508,10196,4095,23185,82604,40657
79,1,7,42188,5065,6058,14892,3415,15785,42188,5065,6058,14892,15785,3415
80,1,8,64241,11795,5179,29760,14456,63328,64241,11795,5179,29760,63328,14456
81,1,1,19190,1573,1121,10712,1121,11493,19190,1573,1121,10712,11493,1121
82,1,1,176552,176431,57883,114726,101184,144787,176552,176431,57883,114726,144787,101184
83,1,1,245683,245401,122182,172569,169137,218072,,,122182,172569,,169137
84,1,2,21745,21745,2726,12140,2204,6089,21745,21745,2726,12140,6089,2204
85,1,1,412808,411822,122683,221142,398267,504478,,,122683,,,
86,1,7,185627,52365,60553,107163,127247,191239,185627,52365,60553,107163,191239,127247
87,1,1,155534,155000,35150,93682,82189,141118,155534,155000,35150,93682,141118,82189
88,1,1,126177,15596,24681,62653,64786,103887,126177,15596,24681,62653,103887,64786
89,1,1,250966,165733,2842,53050,251923,394492,,165733,2842,53050,,
90,1,1,14883,14883,566,4896,293,3132,14883,14883,566,4896,3132,293
91,1,1,157184,151780,581,5958,146966,281732,157184,151780,581,5958,,146966
92,1,1,97335,97326,7358,47888,26395,81215,97335,97326,7358,47888,81215,26395
93,1,1,275935,185539,13274,75250,274525,417543,,185539,13274,75250,,
94,1,1,71200,14620,1585,24223,10185,28945,71200,14620,1585,24223,28945,10185
95,1,1,7938,7938,1044,5374,771,2155,7938,7938,1044,5374,2155,771
96,1,1,190533,190561,63283,123395,109285,163957,190533,190561,63283,123395,163957,109285
97,1,1,270696,270572,150726,197628,216451,271781,,,150726,197628,,
98,1,1,19269,6382,1916,6594,1772,6910,19269,6382,1916,6594,6910,1772
99,1,1,77624,77624,5946,36243,19965,112154,77624,77624,5946,36243,112154,19965
100,1,1,27645,27319,1395,2131,75,14790,27645,27319,1395,2131,14790,75
101,1,1,122455,101686,33152,52205,58067,143091,122455,101686,33152,52205,143091,58067
102,1,1,111673,111140,14716,59518,36681,84513,111673,111140,14716,59518,84513,36681
103,1,6,14356,14356,2724,9785,3877,4460,14356,14356,2724,9785,4460,3877
104,1,6,222425,149266,6610,29378,231444,369408,,149266,6610,29378,,
105,1,1,157906,46529,2793,21375,153456,254164,157906,46529,2793,21375,,153456
106,1,1,205218,158289,2368,26489,225096,363280,,158289,2368,26489,,
107,1,1,143030,97323,127,1162,117195,247387,143030,97323,127,1162,,117195
108,1,1,409788,409087,119948,218408,392618,496947,,,119948,,,
109,1,6,379620,379620,104494,202195,361395,456356,,,104494,,,
110,1,1,153635,153507,45833,92193,90384,131727,153635,153507,45833,92193,131727,90384
111,1,1,321979,225531,213544,261302,268638,323316,,,,,,
112,1,1,83593,12662,3656,20536,48290,102329,83593,12662,3656,20536,102329,48290
113,1,1,188812,28180,42261,89967,139041,191512,188812,28180,42261,89967,191512,139041
114,1,1,182987,182987,15334,73362,133131,227671,182987,182987,15334,73362,,133131
115,1,1,169068,169068,13239,69262,122431,216970,169068,169068,13239,69262,,122431
116,1,7,186730,186131,38560,98084,113508,188486,186730,186131,38560,98084,188486,113508
117,1,1,252165,117957,22038,64814,247604,354937,,117957,22038,64814,,
118,1,8,358409,358515,228304,279088,279922,332506,,,,,,
119,1,5,528591,528463,415990,459270,465029,507748,,,,,,
120,1,5,195819,46933,55451,105498,141187,199481,195819,46933,55451,105498,199481,141187
121,1,1,113485,63513,1544,4806,74957,182631,113485,63513,1544,4806,182631,74957
122,1,1,102681,97841,1133,5414,46659,171049,102681,97841,1133,5414,171049,46659
123,1,1,103058,23997,118,12894,64821,148367,103058,23997,118,12894,148367,64821
124,1,1,79067,71751,298,255,26140,119462,79067,71751,298,255,119462,26140
125,1,7,241531,118452,109626,164703,184870,239728,,118452,109626,164703,,184870
126,1,1,190962,163748,440,21406,214300,350353,190962,163748,440,21406,,
127,1,1,62643,62643,149,4650,13588,92861,62643,62643,149,4650,92861,13588
128,1,1,111451,24332,568,14982,79001,165035,111451,24332,568,14982,165035,79001
129,1,2,96401,96401,9358,49888,25464,65621,96401,96401,9358,49888,65621,25464
130,1,1,145645,14411,21342,60725,126129,177954,145645,14411,21342,60725,177954,126129
131,1,8,213240,185843,104181,146644,139634,237502,,185843,104181,146644,,139634
132,1,1,205472,177201,658,39898,241254,378488,,177201,658,39898,,
133,1,1,97723,19566,10938,54407,42560,93546,97723,19566,10938,54407,93546,42560
134,1,1,187133,145530,80394,114406,115180,203959,187133,145530,80394,114406,,115180
135,1,1,104596,14785,9959,47930,43459,72243,104596,14785,9959,47930,72243,43459
136,1,1,118522,118522,17847,62830,49369,115871,118522,118522,17847,62830,115871,49369
137,1,4,371177,370476,77600,181679,366707,477838,,,77600,181679,,
138,1,1,242719,156580,1705,43704,242770,385134,,156580,1705,43704,,
139,1,1,142548,142555,28360,81116,62709,107220,142548,142555,28360,81116,107220,62709
140,1,7,308136,308380,203532,236952,245307,291640,,,,,,
141,1,1,58985,58259,1155,2718,13136,72493,58985,58259,1155,2718,72493,13136
142,1,1,121556,22336,30523,74371,64021,115793,121556,22336,30523,74371,115793,64021
143,1,1,200322,112479,2947,16288,197861,337609,,112479,2947,16288,,197861
144,1,1,168969,168969,4016,15444,160112,303045,168969,168969,4016,15444,,160112
145,1,7,57683,57683,4033,22496,1120,76573,57683,57683,4033,22496,76573,1120
146,1,4,283278,283278,167904,207999,225544,280850,,,167904,,,
147,1,4,291151,271840,28192,105813,312571,458085,,,28192,105813,,
148,1,1,217866,217866,45663,107461,161971,246746,,,45663,107461,,161971
149,1,1,50932,11991,9237,19332,3977,55539,50932,11991,9237,19332,55539,3977
150,1,1,37860,37860,1431,20020,2703,16957,37860,37860,1431,20020,16957,2703
151,1,1,140866,140679,38183,91812,76776,109035,140866,140679,38183,91812,109035,76776
152,1,1,67976,67976,53,5259,14856,100634,67976,67976,53,5259,100634,14856
153,1,2,7847,7521,3800,3800,3800,5380,7847,7521,3800,3800,5380,3800
154,1,1,108180,93945,0,3215,54968,178353,108180,93945,0,3215,178353,54968
155,1,1,215524,123580,110158,160030,162504,217330,,123580,110158,160030,,162504
156,1,3,192827,192293,47326,106872,119670,192002,192827,192293,47326,106872,192002,119670
157,1,7,179180,179207,57100,113775,97931,151125,179180,179207,57100,113775,151125,97931
158,1,5,135494,31638,34749,84950,77953,129903,135494,31638,34749,84950,129903,77953
159,1,1,225517,122928,113006,168083,168554,224263,,122928,113006,168083,,168554
160,1,1,0,0,0,2621,0,0,0,0,0,2621,0,0
161,1,4,75912,1431,8939,28459,30354,61899,75912,1431,8939,28459,61899,30354
162,1,1,178239,177944,65889,118924,111130,151104,178239,177944,65889,118924,151104,111130
163,1,1,74939,74420,0,705,20075,110459,74939,74420,0,705,110459,20075
164,1,9,138056,16019,28375,68919,77556,122668,138056,16019,28375,68919,122668,77556
165,1,1,327979,329051,205824,259993,252067,299562,,,,,,
166,1,1,423618,423618,141448,239908,404470,499431,,,141448,,,
167,1,1,193924,91484,4233,15192,188567,314936,193924,91484,4233,15192,,188567
168,1,1,26161,12930,1935,6899,255,6169,26161,12930,1935,6899,6169,255
169,1,1,148270,148235,35647,88980,72725,112577,148270,148235,35647,88980,112577,72725
170,1,5,544097,542915,417100,466181,468433,521378,,,,,,
171,1,8,13498,13420,8981,9699,8981,11279,13498,13420,8981,9699,11279,8981
172,1,1,157113,88569,1487,5844,139806,269196,157113,88569,1487,5844,,139806
173,1,8,233422,101132,101043,155717,174756,227374,,101132,101043,155717,,174756
174,1,2,25903,12672,1677,6640,895,6314,25903,12672,1677,6640,6314,895
175,1,1,219583,161295,100828,139573,152125,227479,,161295,100828,139573,,152125
176,1,1,260491,260175,80841,147880,202970,284689,,,80841,147880,,
177,1,1,73280,73280,1065,22745,16166,107768,73280,73280,1065,22745,107768,16166
178,1,1,79082,13224,2452,17703,42162,100265,79082,13224,2452,17703,100265,42162
179,1,6,123239,123239,14920,57043,65672,156041,123239,123239,14920,57043,156041,65672
180,1,1,214200,214072,99364,147137,148402,192535,,,99364,147137,192535,148402
181,1,1,93193,93185,5870,46400,21989,70961,93193,93185,5870,46400,70961,21989
182,1,7,181527,180993,53097,115133,108370,169500,181527,180993,53097,115133,169500,108370
183,1,1,7467,7467,5130,10037,2502,10163,7467,7467,5130,10037,10163,2502
184,1,3,42419,16720,5968,13520,1027,22254,42419,16720,5968,13520,22254,1027
185,1,5,480570,479388,353573,402654,404906,457851,,,,,,
186,1,1,61350,61350,53,5184,12314,89715,61350,61350,53,5184,89715,12314
187,1,1,119724,119724,553,5221,78496,208445,119724,119724,553,5221,,78496
188,1,1,258006,257883,142975,187499,204369,266127,,,142975,187499,,
189,1,7,214111,214483,114401,148082,155951,202284,,,114401,148082,,155951
190,1,1,226009,95259,90879,145553,167217,221033,,95259,90879,145553,,167217
191,1,7,118536,2933,19026,55362,72731,114551,118536,2933,19026,55362,114551,72731
192,1,1,220624,190546,7327,57719,260001,396406,,190546,7327,57719,,
193,1,1,60851,60851,3436,41905,18301,32916,60851,60851,3436,41905,32916,18301
194,1,7,229378,229704,106711,163351,153027,200247,,,106711,163351,,153027
195,1,3,237467,237634,103213,163416,149023,203579,,,103213,163416,,149023
196,1,1,158212,109571,105,842,145350,277635,158212,109571,105,842,,145350
197,1,7,301890,301890,72406,155667,250780,345741,,,72406,155667,,
198,1,11,386429,385522,258672,308284,310535,363985,,,,,,
199,1,2,220419,101895,8017,36533,215731,327038,,101895,8017,36533,,
200,1,7,218943,219314,116456,151126,158006,204339,,,116456,151126,,158006
201,1,1,282709,200088,25533,87128,285913,427957,,,25533,87128,,
202,1,1,372544,371393,245577,294659,296910,349855,,,,,,
203,1,1,212049,211754,91135,141585,138450,184572,,,91135,141585,184572,138450
204,1,3,105273,105194,13798,61743,43681,72159,105273,105194,13798,61743,72159,43681
205,1,1,14941,307,3183,10264,307,10664,14941,307,3183,10264,10664,307
206,1,1,205971,205437,72465,135997,130504,189102,,,72465,135997,189102,130504
207,1,1,3085,3085,2483,5105,962,1800,3085,3085,2483,5105,1800,962
208,1,1,188640,129322,81626,120553,134411,196894,188640,129322,81626,120553,196894,134411
209,1,1,309651,309651,77915,161615,258985,353946,,,77915,161615,,
210,1,1,113837,114064,23627,72288,53790,79874,113837,114064,23627,72288,79874,53790
211,1,1,206077,42697,53350,104111,157001,215532,,42697,53350,104111,,157001
212,1,1,87281,9083,3514,41304,26144,55204,87281,9083,3514,41304,55204,26144
213,1,4,8858,8858,1890,8921,4489,4609,8858,8858,1890,8921,4609,4489
214,1,1,97595,97594,8022,54942,36870,61862,97595,97594,8022,54942,61862,36870
215,1,7,152809,152809,21181,69412,114104,205670,152809,152809,21181,69412,,114104
216,1,4,80561,9546,6775,36938,20387,48941,80561,9546,6775,36938,48941,20387
217,1,1,231486,166381,649,39492,242806,379946,,166381,649,39492,,
218,1,3,87739,45298,3873,35770,37048,100512,87739,45298,3873,35770,100512,37048
219,1,7,247911,247796,139186,179242,184673,227081,,,139186,179242,,184673
220,1,1,131178,117713,354,5379,99763,229632,131178,117713,354,5379,,99763
221,1,1,75329,39269,1261,9637,21288,100718,75329,39269,1261,9637,100718,21288
222,1,1,189577,189577,19049,78430,135595,230556,189577,189577,19049,78430,,135595
223,1,1,87023,87023,7109,39974,19485,97289,87023,87023,7109,39974,97289,19485
224,1,1,137721,137546,31904,84749,68494,102909,137721,137546,31904,84749,102909,68494
225,1,7,119987,22931,29690,73031,62453,114225,119987,22931,29690,73031,114225,62453
226,1,1,83502,53829,1566,4486,32554,122718,83502,53829,1566,4486,122718,32554
227,1,1,327092,326810,201240,251493,252327,300801,,,,,,
228,1,1,325575,324874,32844,136599,322545,445957,,,32844,136599,,
229,1,6,23352,23352,8582,20251,3143,12366,23352,23352,8582,20251,12366,3143
230,1,9,260878,260620,138927,187188,188453,236713,,,138927,187188,,188453
231,1,1,93308,93012,9696,55284,37169,57888,93308,93012,9696,55284,57888,37169
232,1,1,141161,87243,38083,75747,88029,151465,141161,87243,38083,75747,151465,88029
233,1,1,146671,146671,3900,11229,120725,259727,146671,146671,3900,11229,,120725
234,1,1,131678,56769,32627,80886,80844,135704,131678,56769,32627,80886,135704,80844
235,1,8,217376,143110,117024,155833,168011,221228,,143110,117024,155833,,168011
236,1,6,164106,164106,15563,74528,109682,203918,164106,164106,15563,74528,,109682
237,1,7,162391,162419,43653,99319,83475,134178,162391,162419,43653,99319,134178,83475
238,1,1,96070,16828,10908,49428,37216,72660,96070,16828,10908,49428,72660,37216
239,1,1,208767,103849,3861,14581,203456,330356,,103849,3861,14581,,
240,1,9,146328,146154,37630,90714,75176,112188,146328,146154,37630,90714,112188,75176
241,1,4,23268,22672,5882,17891,5960,11340,23268,22672,5882,17891,11340,5960
242,1,1,178968,178464,51761,114148,105841,166108,178968,178464,51761,114148,166108,105841
243,1,7,24618,24618,276,10987,3862,7912,24618,24618,276,10987,7912,3862
244,1,1,142971,17730,26537,72972,82620,128503,142971,17730,26537,72972,128503,82620
245,1,1,334427,334427,89374,174162,300759,395719,,,89374,174162,,
246,1,3,158312,157779,30584,89816,85155,154104,158312,157779,30584,89816,154104,85155
247,1,2,216164,216164,14749,83281,197212,319297,,,14749,83281,,197212
248,1,8,219748,219531,88905,149243,135832,191325,,,88905,149243,191325,135832
249,1,1,80046,79513,7621,49555,24690,48529,80046,79513,7621,49555,48529,24690
250,1,7,111661,112002,15561,50743,64801,155770,111661,112002,15561,50743,155770,64801
251,1,1,128138,33835,31981,80979,70598,122547,128138,33835,31981,80979,122547,70598
252,1,7,203169,203197,74764,135871,121688,175204,,,74764,135871,175204,121688
253,1,8,319357,319075,35633,130338,306165,418439,,,35633,130338,,
254,1,4,227424,162677,116463,155390,169248,235677,,162677,116463,155390,,169248
255,1,5,99626,56813,11795,43281,46910,113082,99626,56813,11795,43281,113082,46910
256,1,3,56761,5711,4088,18703,10871,46747,56761,5711,4088,18703,46747,10871
257,1,1,261016,122159,47994,88266,256832,343396,,122159,47994,88266,,
258,1,1,75918,75874,276,5414,25639,120711,75918,75874,276,5414,120711,25639
259,1,1,336585,201052,65240,126548,332221,445321,,,65240,126548,,
260,1,4,379448,378747,80777,187377,375841,487342,,,80777,187377,,
261,1,1,327682,327682,43943,141570,309727,420858,,,43943,141570,,
262,1,6,228166,115177,106317,161394,171737,227016,,115177,106317,161394,,171737
263,1,7,213466,83482,81061,135735,155440,209257,,83482,81061,135735,,155440
264,1,4,134163,38313,35060,86466,76622,128572,134163,38313,35060,86466,128572,76622
265,1,1,267797,267797,21846,103472,249774,360800,,,21846,103472,,
266,1,5,153774,61360,49518,101327,99491,153807,153774,61360,49518,101327,153807,99491
267,1,9,191923,191799,85027,125416,146126,200658,191923,191799,85027,125416,,146126
268,1,7,227793,67194,47569,89607,213698,262403,,67194,47569,89607,,
269,1,1,148367,148639,36620,91595,75340,112982,148367,148639,36620,91595,112982,75340
270,1,7,280936,280706,59105,139959,229324,324284,,,59105,139959,,
271,1,1,50235,50220,21240,43152,22758,31725,50235,50220,21240,43152,31725,22758
272,1,1,116478,116478,17257,60814,46979,110958,116478,116478,17257,60814,110958,46979
273,1,1,4861,4861,487,5030,565,5895,4861,4861,487,5030,5895,565
274,1,2,147431,147431,7867,31742,128041,256973,147431,147431,7867,31742,,128041
275,1,1,144336,143802,26667,81938,71179,132584,144336,143802,26667,81938,132584,71179
276,1,1,52339,52339,972,3193,7269,74504,52339,52339,972,3193,74504,7269
277,1,1,112331,112331,15565,59053,38985,92467,112331,112331,15565,59053,92467,38985
278,1,1,123338,59941,1261,6655,88966,200050,123338,59941,1261,6655,,88966
279,1,1,309014,309014,35989,127462,291059,402190,,,35989,127462,,
280,1,1,170272,169739,46762,107340,96178,152308,170272,169739,46762,107340,152308,96178
281,1,5,196031,46923,55958,106216,142741,194331,196031,46923,55958,106216,194331,142741
282,1,1,65664,16632,928,17949,3910,19815,65664,16632,928,17949,19815,3910
283,1,8,138930,138803,34870,85909,75679,112608,138930,138803,34870,85909,112608,75679
284,1,1,77725,77725,763,4323,28121,124759,77725,77725,763,4323,124759,28121
285,1,1,349178,348477,54131,159680,346148,462389,,,54131,159680,,
286,1,3,334687,333986,42049,145414,331657,449065,,,42049,145414,,
287,1,1,224150,224150,18350,87104,198945,293905,,,18350,87104,,198945
288,1,1,121660,77077,326,1566,85958,202224,121660,77077,326,1566,,85958
289,1,7,28102,18386,5114,12875,2483,14004,28102,18386,5114,12875,14004,2483
290,1,2,160386,160259,52339,97457,97135,139044,160386,160259,52339,97457,139044,97135
291,1,1,36902,4764,5757,17863,5757,17342,36902,4764,5757,17863,17342,5757
292,1,5,95199,16157,10567,48557,36344,73933,95199,16157,10567,48557,73933,36344
293,1,1,101440,55162,9809,48075,49847,113720,101440,55162,9809,48075,113720,49847
294,1,9,220464,220464,89375,148934,134541,187519,,,89375,148934,187519,134541
295,1,1,97390,90952,20219,36202,48445,123418,97390,90952,20219,36202,123418,48445
296,1,1,23391,23375,12694,22921,12066,17765,23391,23375,12694,22921,17765,12066
297,1,8,135051,22654,30841,77451,77470,122515,135051,22654,30841,77451,122515,77470
298,1,1,159426,141407,1870,3472,155436,288678,159426,141407,1870,3472,,155436
299,1,3,164073,164073,14886,70909,117536,212075,164073,164073,14886,70909,,117536
300,1,1,29578,29578,5238,10547,608,24588,29578,29578,5238,10547,24588,608
301,1,7,250757,250462,127775,176681,177055,224454,,,127775,176681,,177055
302,1,2,181702,181954,59061,116664,100409,146296,181702,181954,59061,116664,146296,100409
303,1,1,280042,280042,57103,137956,233795,328756,,,57103,137956,,
304,1,1,397733,397033,107894,206354,380707,485193,,,107894,,,
305,1,1,62209,62209,1121,24337,2048,84419,62209,62209,1121,24337,84419,2048
306,1,1,145492,23262,31449,78059,87070,129972,145492,23262,31449,78059,129972,87070
307,1,1,145786,91246,255,929,122631,250529,145786,91246,255,929,,122631
308,1,2,44386,44386,6078,28043,7596,16452,44386,44386,6078,28043,16452,7596
309,1,1,162408,108831,540,581,152819,285681,162408,108831,540,581,,152819
310,1,1,168945,169054,26099,85331,96465,172896,168945,169054,26099,85331,172896,96465
311,1,4,189374,130056,86363,125290,139148,197628,189374,130056,86363,125290,197628,139148
312,1,2,149373,23666,31853,78463,90642,142612,149373,23666,31853,78463,142612,90642
313,1,1,60804,60804,1038,15234,7259,84190,60804,60804,1038,15234,84190,7259
314,1,5,444430,444197,318382,363957,369715,423127,,,,,,
315,1,1,161507,161507,16737,74848,103462,195874,161507,161507,16737,74848,195874,103462
316,1,1,222600,222067,75605,137090,149443,217884,,,75605,137090,,149443
317,1,1,53946,14220,8272,19501,5462,23959,53946,14220,8272,19501,23959,5462
318,1,5,619412,618906,492848,524206,540364,605917,,,,,,
319,1,7,30991,7635,7635,17362,5714,18494,30991,7635,7635,17362,18494,5714
320,1,9,208492,208705,87954,146243,131722,177061,,,87954,146243,177061,131722
321,1,1,56712,21686,109,13428,2400,57895,56712,21686,109,13428,57895,2400
322,1,7,141903,21401,29589,76199,82564,120049,141903,21401,29589,76199,120049,82564
323,1,1,197658,197658,16160,75628,145400,240360,197658,197658,16160,75628,,145400
324,1,1,268453,160101,661,49262,260875,397652,,160101,661,49262,,
325,1,5,153356,153356,17182,41088,121446,241628,153356,153356,17182,41088,,121446
326,1,3,173843,173843,8369,31282,169443,309091,173843,173843,8369,31282,,169443
327,1,1,129715,2925,18564,57923,90951,134623,129715,2925,18564,57923,134623,90951
328,1,9,340183,339962,218269,265544,267795,318425,,,,,,
329,1,1,108365,34996,1789,12686,67925,162960,108365,34996,1789,12686,162960,67925
330,1,9,107473,107473,8712,32786,68930,177529,107473,107473,8712,32786,177529,68930
331,1,1,336914,336631,210816,259897,262149,315094,,,,,,
332,1,1,122089,122062,14589,63491,47961,108516,122089,122062,14589,63491,108516,47961
333,1,1,93937,6180,3073,19304,64184,129975,93937,6180,3073,19304,129975,64184
334,1,3,231713,184749,5604,58151,257939,396626,,184749,5604,58151,,
335,1,1,235488,104723,18537,51011,230800,337366,,104723,18537,51011,,
336,1,1,50998,1390,4392,16467,4905,19110,50998,1390,4392,16467,19110,4905
337,1,1,218535,126600,113169,163041,165515,220341,,126600,113169,163041,,165515
338,1,1,36243,11632,6332,15630,890,14258,36243,11632,6332,15630,14258,890
339,1,1,184044,184044,28463,88294,124173,207746,184044,184044,28463,88294,,124173
340,1,1,8495,8495,149,3209,96,75,8495,8495,149,3209,75,96
341,1,1,104811,50980,1410,7400,62988,162778,104811,50980,1410,7400,162778,62988
342,1,1,211223,211223,20953,82571,158237,253198,,,20953,82571,,158237
343,1,1,89830,67745,12668,21634,32392,109001,89830,67745,12668,21634,109001,32392
344,1,8,348821,344564,45016,151616,357311,491176,,,45016,151616,,
345,1,1,66773,64099,75,631,13737,94352,66773,64099,75,631,94352,13737
346,1,3,322812,322111,29864,133836,319782,443481,,,29864,133836,,
347,1,1,174595,133061,475,4855,179302,315684,174595,133061,475,4855,,179302
348,1,7,160501,159968,30692,89924,87344,158399,160501,159968,30692,89924,158399,87344
349,1,1,219585,219585,17493,81620,176308,271268,,,17493,81620,,176308
350,1,1,137929,137929,17221,66118,98153,189445,137929,137929,17221,66118,189445,98153
351,1,1,176777,134945,528,6019,183442,320048,176777,134945,528,6019,,183442
352,1,1,208260,141227,104521,141981,157305,215046,,141227,104521,141981,,157305
353,1,1,230689,230856,100053,158183,142244,195291,,,100053,158183,195291,142244
354,1,1,132794,132794,14589,67610,61710,137792,132794,132794,14589,67610,137792,61710
355,1,1,254725,196198,136257,175144,181847,264647,,196198,136257,175144,,181847
356,1,5,230697,230697,16457,49762,239784,382319,,,16457,49762,,
357,1,1,208480,208480,15976,73483,169512,264051,,,15976,73483,,169512
358,1,1,63042,38746,2327,5779,7474,80680,63042,38746,2327,5779,80680,7474
359,1,1,46267,46267,1165,10805,1044,56154,46267,46267,1165,10805,56154,1044
360,1,1,12824,13175,2019,8428,3143,4088,12824,13175,2019,8428,4088,3143
361,1,3,252125,238522,12278,57832,269979,414874,,,12278,57832,,
362,1,7,233259,123685,113763,168840,176433,232142,,123685,113763,168840,,176433
363,1,8,248202,248202,14365,76792,248585,385223,,,14365,76792,,
364,1,1,83230,76075,16763,26388,34625,112409,83230,76075,16763,26388,112409,34625
365,1,1,152925,42517,3038,21400,148368,247262,152925,42517,3038,21400,,148368
366,1,1,210516,209982,52154,112444,139362,217712,,,52154,112444,,139362
367,1,5,308076,298155,28412,117383,322720,465255,,,28412,117383,,
368,1,1,143124,49076,39452,91069,87211,141869,143124,49076,39452,91069,141869,87211
369,1,7,245042,153107,139676,189548,192022,246848,,153107,139676,189548,,192022
370,1,1,69801,60532,326,559,16794,100482,69801,60532,326,559,100482,16794
371,1,1,226499,226499,16195,89714,207327,305834,,,16195,89714,,
372,1,1,11240,10703,2432,3398,357,4264,11240,10703,2432,3398,4264,357
373,1,1,139641,139641,2740,11325,108148,245498,139641,139641,2740,11325,,108148
374,1,1,53014,53378,9946,37112,15360,25685,53014,53378,9946,37112,25685,15360
375,1,1,195344,158219,2153,25788,223327,359090,195344,158219,2153,25788,,
376,1,8,233120,232843,108139,167483,152940,201199,,,108139,167483,,152940
377,1,1,276267,276267,53328,134181,230126,325087,,,53328,134181,,
378,1,1,72669,72669,618,5756,23793,114257,72669,72669,618,5756,114257,23793
379,1,1,104831,104831,8538,50517,35750,110282,104831,104831,8538,50517,110282,35750
380,1,1,108563,108030,12885,56408,33571,76798,108563,108030,12885,56408,76798,33571
381,1,1,301722,176198,26405,87629,295992,418920,,176198,26405,87629,,
382,1,6,205081,205452,105304,140718,148960,195292,,,105304,140718,195292,148960
383,1,1,100456,20020,11510,54688,43693,94309,100456,20020,11510,54688,94309,43693
384,1,5,77367,15706,7245,36943,20567,57174,77367,15706,7245,36943,57174,20567
385,1,1,90336,90336,475,18483,37970,143414,90336,90336,475,18483,143414,37970
386,1,7,414219,414219,126811,225271,396526,497821,,,126811,,,
387,1,7,375809,374881,249066,298147,300399,353343,,,,,,
388,1,7,26028,8094,5619,13339,3255,14326,26028,8094,5619,13339,14326,3255
389,1,1,200214,66953,74008,121750,141834,200987,,66953,74008,121750,,141834
390,1,1,113763,113671,22690,71512,52966,79481,113763,113671,22690,71512,79481,52966
391,1,1,119744,68004,857,3719,84779,195969,119744,68004,857,3719,195969,84779
392,1,3,126502,126375,23131,74851,63251,99614,126502,126375,23131,74851,99614,63251
393,1,1,152299,110721,347,2773,131877,266480,152299,110721,347,2773,,131877
394,1,8,329695,329695,89291,173927,285449,380410,,,89291,173927,,
395,1,1,121752,121638,14589,63395,47537,103335,121752,121638,14589,63395,103335,47537
396,1,1,243091,243091,28836,104423,204226,299186,,,28836,104423,,
397,1,1,153874,98805,105,954,136570,267620,153874,98805,105,954,,136570
398,1,1,78041,65582,11234,16875,25549,101907,78041,65582,11234,16875,101907,25549
399,1,1,322067,219747,207760,256744,266090,321731,,,,,,
400,1,1,236259,75352,42789,92935,232972,296467,,75352,42789,92935,,
401,1,3,64351,13099,2848,19243,5205,23315,64351,13099,2848,19243,23315,5205
402,1,1,5069,4531,149,811,149,2391,5069,4531,149,811,2391,149
403,1,3,68521,68285,7551,46805,19343,39205,68521,68285,7551,46805,39205,19343
404,1,9,201989,201455,66852,130297,128832,191636,,,66852,130297,191636,128832
405,1,7,384876,384876,109621,207323,365676,460637,,,109621,,,
406,1,1,33734,15491,7414,16666,4404,16718,33734,15491,7414,16666,16718,4404
407,1,1,96388,96353,7693,54613,36541,60695,96388,96353,7693,54613,60695,36541
408,1,5,55921,16422,9118,21912,7874,33316,55921,16422,9118,21912,33316,7874
409,1,9,339517,339585,211294,263126,260992,312404,,,,,,
410,1,1,160097,143356,1593,4367,155436,290020,160097,143356,1593,4367,,155436
411,1,1,40279,10239,5880,14744,2624,14621,40279,10239,5880,14744,14621,2624
412,1,1,128715,22550,30737,75806,71051,121602,128715,22550,30737,75806,121602,71051
413,1,1,23758,23432,625,1156,0,8219,23758,23432,625,1156,8219,0
414,1,7,300292,300215,79869,160660,245025,332623,,,79869,160660,,
415,1,1,172074,75986,4507,11850,162284,287757,172074,75986,4507,11850,,162284
416,1,1,182598,182598,24638,65794,145803,262209,182598,182598,24638,65794,,145803
417,1,8,130528,40564,30658,82064,75424,127796,130528,40564,30658,82064,127796,75424
418,1,1,179753,48903,16679,39727,174573,259304,179753,48903,16679,39727,,174573
419,1,8,176156,123753,1424,2121,177660,313524,176156,123753,1424,2121,,177660
420,1,1,272402,204987,159331,196227,208258,278807,,,159331,196227,,
421,1,1,300921,165286,54498,111678,296487,398286,,165286,54498,111678,,
422,1,8,101290,12514,4780,39568,38740,69708,101290,12514,4780,39568,69708,38740
423,1,1,176317,78689,4836,12676,170023,296689,176317,78689,4836,12676,,170023
424,1,6,244016,244392,115344,173527,157874,208734,,,115344,173527,,157874
425,1,1,255216,189777,7894,63310,266496,403636,,189777,7894,63310,,
426,1,3,298277,298149,180565,226103,230091,276612,,,180565,,,
427,1,1,106338,106338,2628,13095,58490,177122,106338,106338,2628,13095,177122,58490
428,1,1,24389,24389,1456,5706,75,11569,24389,24389,1456,5706,11569,75
429,1,1,85762,85762,926,5063,33228,141001,85762,85762,926,5063,141001,33228
430,1,8,312129,312129,20444,129203,316797,452525,,,20444,129203,,
431,1,1,62457,28267,96,16648,13239,75598,62457,28267,96,16648,75598,13239
432,1,1,117477,69688,472,3215,80848,192909,117477,69688,472,3215,192909,80848
433,1,7,105172,105164,12638,55447,31035,76036,105172,105164,12638,55447,76036,31035
434,1,1,256270,241324,144107,195754,192916,283639,,,144107,195754,,192916
435,1,1,268074,254155,138468,206797,190208,294679,,,138468,,,190208
436,1,1,155018,35488,6621,28656,148912,236644,155018,35488,6621,28656,,148912
437,1,1,83957,12068,5991,41084,27480,70476,83957,12068,5991,41084,70476,27480
438,1,1,34852,34852,1086,6588,264,33725,34852,34852,1086,6588,33725,264
439,1,1,345121,209486,77411,138645,340655,444233,,,77411,138645,,
440,1,1,178311,92283,1987,10306,168555,303175,178311,92283,1987,10306,,168555
441,1,16,209238,208704,57727,118804,136081,208115,,,57727,118804,,136081
442,1,20,251541,94088,104892,155557,201284,266701,,94088,104892,155557,,
443,1,9,123703,123825,25233,76372,62311,93696,123703,123825,25233,76372,93696,62311
444,1,7,293519,293029,19329,108889,292041,422995,,,19329,108889,,
445,1,7,6237,5919,2086,6384,934,5735,6237,5919,2086,6384,5735,934
446,1,1,205656,177460,230,39504,240503,378855,,177460,230,39504,,
447,1,8,384997,384997,273337,309264,324087,372785,,,,,,
448,1,2,248777,88311,56121,111924,234334,279507,,88311,56121,111924,,
449,1,1,58131,57804,341,2220,6953,76209,58131,57804,341,2220,76209,6953
450,1,7,135666,95317,33905,64670,74360,151872,135666,95317,33905,64670,151872,74360
451,1,1,189833,88437,3867,14214,185125,311106,189833,88437,3867,14214,,185125
452,1,1,44964,36464,618,2718,1851,47937,44964,36464,618,2718,47937,1851
453,1,1,104503,104503,18020,58552,55444,96345,104503,104503,18020,58552,96345,55444
454,1,4,266716,266716,17767,90404,261001,393746,,,17767,90404,,
455,1,7,4824,4314,593,593,593,2173,4824,4314,593,593,2173,593
456,1,1,142099,113605,211,4967,116757,250591,142099,113605,211,4967,,116757
457,1,1,47301,40220,621,373,5996,61264,47301,40220,621,373,61264,5996
458,1,7,61367,14862,7835,29959,13407,45025,61367,14862,7835,29959,45025,13407
459,1,1,194275,193742,61026,122281,121118,186595,194275,193742,61026,122281,186595,121118
460,1,1,437301,436600,138768,244598,420875,525204,,,138768,,,
461,1,1,189630,189097,55481,116430,116473,183467,189630,189097,55481,116430,183467,116473
462,1,7,104299,104279,8872,58243,42766,73728,104299,104279,8872,58243,73728,42766
463,1,3,241735,81136,48633,99136,229391,281174,,81136,48633,99136,,
464,1,5,377774,377479,257455,301223,306981,356409,,,,,,
465,1,8,173016,138909,1310,4854,180437,314043,173016,138909,1310,4854,,180437
466,1,1,109489,103051,28562,48689,58939,135517,109489,103051,28562,48689,135517,58939
467,1,1,45044,14362,5633,13793,2315,13962,45044,14362,5633,13793,13962,2315
468,1,1,253324,185909,142541,179619,195325,259729,,185909,142541,179619,,195325
469,1,1,18487,18487,788,5926,0,6736,18487,18487,788,5926,6736,0
470,1,1,172752,65704,2348,17504,168254,279218,172752,65704,2348,17504,,168254
471,1,1,136960,136426,28509,82358,61822,112547,136960,136426,28509,82358,112547,61822
472,1,1,305062,165189,63966,117011,300703,392781,,165189,63966,117011,,
473,1,5,57400,14896,6784,22677,8639,34081,57400,14896,6784,22677,34081,8639
474,1,8,296041,295746,174053,221327,223579,274209,,,174053,,,
475,1,1,172821,72469,2276,13550,166084,288169,172821,72469,2276,13550,,166084
476,1,3,127856,122599,38397,62699,71501,152481,127856,122599,38397,62699,152481,71501
477,1,3,16634,16308,9000,10901,11590,12376,16634,16308,9000,10901,12376,11590
478,1,1,441424,440648,151230,249969,424924,529252,,,151230,,,
479,1,1,234082,234082,101394,162184,148774,204716,,,101394,162184,,148774
480,1,1,115825,115931,22187,71008,52602,81528,115825,115931,22187,71008,81528,52602
481,1,6,228835,115847,106377,161455,172406,227685,,115847,106377,161455,,172406
482,1,3,151797,28924,25658,49661,132874,199534,151797,28924,25658,49661,199534,132874
483,1,9,8505,8178,949,2742,5340,4250,8505,8178,949,2742,4250,5340
484,1,1,117348,117348,176,3736,73951,203408,117348,117348,176,3736,,73951
485,1,5,247737,245098,4418,56960,256823,399358,,,4418,56960,,
486,1,1,177349,80179,68269,120078,119980,175689,177349,80179,68269,120078,175689,119980
487,1,1,139060,26579,34439,81376,81395,131582,139060,26579,34439,81376,131582,81395
488,1,1,170450,117761,742,1904,166792,302112,170450,117761,742,1904,,166792
489,1,6,198871,198703,76959,132920,122597,169739,198871,198703,76959,132920,169739,122597
490,1,1,24691,21669,4282,12002,1918,12989,24691,21669,4282,12002,12989,1918
491,1,9,299557,299801,194487,228373,236728,283060,,,194487,,,
492,1,1,143617,39058,1974,18887,133828,229335,143617,39058,1974,18887,,133828
493,1,9,41429,21031,11030,21370,8691,21196,41429,21031,11030,21370,21196,8691
494,1,1,213902,213902,39012,100810,158395,245171,,,39012,100810,,158395
495,1,1,103079,102546,12672,58394,34457,70762,103079,102546,12672,58394,70762,34457
496,1,1,333156,333231,62919,154451,314859,417378,,,62919,154451,,
