OBJECTID,CID,Nat_resistance_2011,Nat_2c_default_corridors,Nat_3c_default_corridors,GP_Nat_node_corridors,GP_Nat_bar_corridors,node_close_corridors,GP_bar_close_corridors,Nat_2c_default_corridors_truncated_at_200k,Nat_3c_default_corridors_truncated_at_200k,GP_Nat_node_corridors_truncated_at_200k,GP_Nat_bar_corridors_truncated_at_200k,GP_bar_close_corridors_truncated_at_200k,node_close_corridors_truncated_at_200k,Nat_5c_corridors,Nat_5c_corridors_truncated_at_200k
1,1,1,175348,175221,67301,109601,112097,154505,175348,175221,67301,109601,154505,112097,110493,110493
2,1,1,188590,83537,75220,130297,131929,187207,188590,83537,75220,130297,187207,131929,83537,83537
3,1,2,207602,171829,1925,37611,239990,373900,,171829,1925,37611,,,106452,106452
4,1,1,82591,10702,4625,39718,26114,67280,82591,10702,4625,39718,67280,26114,10702,10702
5,1,1,108443,108527,522,5607,62229,185536,108443,108527,522,5607,185536,62229,53274,53274
6,1,8,154095,100999,45388,82229,94511,163915,154095,100999,45388,82229,163915,94511,100999,100999
7,1,1,93273,93273,17832,48955,47118,88151,93273,93273,17832,48955,88151,47118,46390,46390
8,1,1,183138,183138,22887,64043,146343,261630,183138,183138,22887,64043,,146343,23502,23502
9,1,9,125398,107543,34345,59535,59186,148601,125398,107543,34345,59535,148601,59186,107543,107543
10,1,8,223072,224143,100916,158935,147160,194654,,,100916,158935,194654,147160,131803,131803
11,1,1,52197,16093,746,12447,2015,46347,52197,16093,746,12447,46347,2015,16093,16093
12,1,7,281284,136276,60788,108779,277100,360579,,136276,60788,108779,,,136276,136276
13,1,2,2008,2008,2008,4629,2008,2008,2008,2008,2008,4629,2008,2008,2008,2008
14,1,1,163446,162912,39756,99538,90289,151761,163446,162912,39756,99538,151761,90289,58670,58670
15,1,8,66798,66669,13120,27727,24236,70076,66798,66669,13120,27727,70076,24236,39873,39873
16,1,1,186813,162477,332,17257,205480,341533,186813,162477,332,17257,,,75882,75882
17,1,1,65340,38377,2721,6754,9029,84246,65340,38377,2721,6754,84246,9029,38377,38377
18,1,3,220943,200093,115550,157117,151754,247975,,,115550,157117,,151754,200093,
19,1,4,31798,6884,6732,16379,1682,15119,31798,6884,6732,16379,15119,1682,6884,6884
20,1,5,292502,198074,186035,231750,239087,293764,,198074,186035,,,,198074,198074
21,1,1,99301,99301,5550,11499,51801,165490,99301,99301,5550,11499,165490,51801,40277,40277
22,1,1,90328,16929,18222,50660,36539,53709,90328,16929,18222,50660,53709,36539,16929,16929
23,1,7,162543,162549,20992,79103,101136,191351,162543,162549,20992,79103,191351,101136,7605,7605
24,1,5,10911,10911,590,5462,1232,3223,10911,10911,590,5462,3223,1232,10911,10911
25,1,7,103836,103553,19777,66978,46544,69100,103836,103553,19777,66978,69100,46544,31382,31382
26,1,1,16721,16395,630,3494,149,4512,16721,16395,630,3494,4512,149,16395,16395
27,1,6,180414,83243,71333,123142,123044,178753,180414,83243,71333,123142,178753,123044,83243,83243
28,1,1,191554,66524,10907,33898,187173,284119,191554,66524,10907,33898,,187173,66524,66524
29,1,9,317426,318498,195271,252565,241514,289009,,,195271,,,,226157,
30,1,7,266804,152476,142554,197631,210090,265799,,152476,142554,197631,,,152476,152476
31,1,1,171562,110375,356,2144,168082,302077,171562,110375,356,2144,,168082,110375,110375
32,1,1,143517,104680,41473,71336,77828,160840,143517,104680,41473,71336,160840,77828,104680,104680
33,1,2,189081,188547,53638,114587,115924,185256,189081,188547,53638,114587,185256,115924,70849,70849
34,1,8,215308,116936,107014,158905,158807,214516,,116936,107014,158905,,158807,116936,116936
35,1,1,141529,141613,30660,85730,68051,107210,141529,141613,30660,85730,107210,68051,46164,46164
36,1,1,220745,220617,110455,156230,157494,199080,,,110455,156230,199080,157494,147945,147945
37,1,1,228896,228896,16642,92110,209723,308801,,,16642,92110,,,22572,22572
38,1,4,174564,116478,70432,109719,125447,183783,174564,116478,70432,109719,183783,125447,116478,116478
39,1,1,294989,182167,172245,227322,238568,294277,,182167,172245,,,,182167,182167
40,1,1,136692,6239,21226,61217,94856,141388,136692,6239,21226,61217,141388,94856,6239,6239
41,1,7,120939,109976,32454,59119,60603,147947,120939,109976,32454,59119,147947,60603,109976,109976
42,1,1,103877,103877,2479,13371,56765,172073,103877,103877,2479,13371,172073,56765,34214,34214
43,1,8,322603,323675,200448,258466,246691,294186,,,,,,,231334,
44,1,1,175187,175060,67140,110231,111936,154344,175187,175060,67140,110231,154344,111936,109851,109851
45,1,1,136255,119336,38418,70844,68344,159793,136255,119336,38418,70844,159793,68344,119336,119336
46,1,7,205109,130181,106418,143422,154998,208299,,130181,106418,143422,,154998,130181,130181
47,1,1,64763,64763,3322,28565,4376,86674,64763,64763,3322,28565,86674,4376,9655,9655
48,1,9,269768,270817,141562,201099,189324,240241,,,141562,,,189324,173364,173364
49,1,1,332633,207472,56184,116340,326903,449831,,,56184,116340,,,207472,
50,1,12,365319,365319,253659,289587,304409,353108,,,,,,,302754,
51,1,1,60099,59772,351,2994,7567,78941,60099,59772,351,2994,78941,7567,59772,59772
52,1,1,15409,670,2875,9970,670,10370,15409,670,2875,9970,10370,670,670,670
53,1,1,81281,74200,16089,24563,34553,110535,81281,74200,16089,24563,110535,34553,74200,74200
54,1,1,105155,80850,23266,32790,47448,123586,105155,80850,23266,32790,123586,47448,80850,80850
55,1,1,114594,114594,13636,57031,45441,123059,114594,114594,13636,57031,123059,45441,16493,16493
56,1,1,202451,202451,14048,69649,182044,297761,,,14048,69649,,182044,4433,4433
57,1,1,41256,41256,75,22272,4689,19176,41256,41256,75,22272,19176,4689,10812,10812
58,1,1,149565,149838,37743,92719,76464,114180,149565,149838,37743,92719,114180,76464,57497,57497
59,1,5,132053,19629,28921,69037,71552,114707,132053,19629,28921,69037,114707,71552,19629,19629
60,1,1,110841,110718,20958,43441,66536,123550,110841,110718,20958,43441,123550,66536,78301,78301
61,1,1,24540,24214,37,1230,0,9811,24540,24214,37,1230,9811,0,24214,24214
62,1,1,136801,136267,25634,77696,62166,115708,136801,136267,25634,77696,115708,62166,52534,52534
63,1,1,201543,75562,16389,40084,197107,295468,,75562,16389,40084,,197107,75562,75562
64,1,3,261578,261578,15706,96559,245382,363178,,,15706,96559,,,56316,56316
65,1,9,295689,296007,180142,227336,235546,310660,,,180142,,,,260601,
66,1,1,63334,61389,706,5393,16308,80271,63334,61389,706,5393,80271,16308,51505,51505
67,1,1,227205,88553,27876,60018,223021,311223,,88553,27876,60018,,,88553,88553
68,1,1,157286,156752,32286,91518,84129,151103,157286,156752,32286,91518,151103,84129,43375,43375
69,1,1,32840,15805,2457,10016,2000,11148,32840,15805,2457,10016,11148,2000,15805,15805
70,1,1,97628,97628,755,16470,47990,157997,97628,97628,755,16470,157997,47990,24982,24982
71,1,5,565228,564490,457979,484948,501106,551501,,,,,,,489507,
72,1,1,131646,131619,17381,71391,58996,122072,131646,131619,17381,71391,122072,58996,24742,24742
73,1,1,178336,105124,476,4076,177163,312985,178336,105124,476,4076,,177163,105124,105124
74,1,1,40871,20920,5536,10716,566,40631,40871,20920,5536,10716,40631,566,20920,20920
75,1,1,151238,89773,50564,97118,106699,159828,151238,89773,50564,97118,159828,106699,89773,89773
76,1,1,194200,193666,47001,106547,121043,193375,194200,193666,47001,106547,193375,121043,47949,47949
77,1,1,119565,119671,23735,72556,54150,85268,119565,119671,23735,72556,85268,54150,34778,34778
78,1,1,167391,167391,13270,69292,121127,215667,167391,167391,13270,69292,,121127,968,968
79,1,1,318062,317845,200471,240771,258316,309534,,,,,,,256662,
80,1,1,129574,129574,105,4575,96575,228625,129574,129574,105,4575,,96575,55714,55714
81,1,1,197522,40775,51479,102144,147104,206342,197522,40775,51479,102144,,147104,40775,40775
82,1,5,602012,601083,475268,524350,526601,579546,,,,,,,513384,
83,1,1,66585,332,9918,27360,21023,51112,66585,332,9918,27360,51112,21023,332,332
84,1,3,71151,71151,3538,40784,25235,50622,71151,71151,3538,40784,50622,25235,25193,25193
85,1,5,247834,247834,16815,71225,256920,399455,,,16815,71225,,,78393,78393
86,1,1,94502,62976,708,3215,48653,147386,94502,62976,708,3215,147386,48653,62976,62976
87,1,5,73237,14465,5762,34341,17789,54397,73237,14465,5762,34341,54397,17789,14465,14465
88,1,5,165469,165469,20055,43961,145475,271840,165469,165469,20055,43961,,145475,20137,20137
89,1,1,32326,29625,75,1579,0,22997,32326,29625,75,1579,22997,0,29625,29625
90,1,1,25890,25890,1531,14913,3110,9907,25890,25890,1531,14913,9907,3110,6191,6191
91,1,1,73202,10137,1264,35486,23068,74054,73202,10137,1264,35486,74054,23068,10137,10137
92,1,1,185332,119351,0,8912,194701,329621,185332,119351,0,8912,,194701,119351,119351
93,1,1,146050,48712,0,14615,131006,234201,146050,48712,0,14615,,131006,48712,48712
94,1,1,83986,83986,354,4851,32311,135248,83986,83986,354,4851,135248,32311,66501,66501
95,1,1,207067,130523,982,21997,214766,353147,,130523,982,21997,,,130523,130523
96,1,2,78858,79035,3922,48786,29117,44846,78858,79035,3922,48786,44846,29117,15931,15931
97,1,3,54472,54472,10911,34919,14525,27209,54472,54472,10911,34919,27209,14525,10120,10120
98,1,1,215294,61828,53237,101040,178792,229977,,61828,53237,101040,,178792,61828,61828
99,1,9,235027,101958,110145,156755,176839,240832,,101958,110145,156755,,176839,101958,101958
100,1,1,1937,1937,1937,4558,1200,1937,1937,1937,1937,4558,1937,1200,1937,1937
101,1,1,272974,272974,19001,95008,277643,413371,,,19001,95008,,,85560,85560
102,1,1,90743,41539,1826,40779,44787,102102,90743,41539,1826,40779,102102,44787,41539,41539
103,1,1,176770,27689,21607,60916,155136,212033,176770,27689,21607,60916,,155136,27689,27689
104,1,5,408020,406900,281085,330166,332418,385362,,,,,,,319200,
105,1,1,53720,26273,1261,10159,2460,56506,53720,26273,1261,10159,56506,2460,26273,26273
106,1,5,568406,568124,442309,487884,493642,547408,,,,,,,480424,
107,1,1,37773,18115,3523,10796,18,18359,37773,18115,3523,10796,18359,18,18115,18115
108,1,1,122690,31059,0,14615,97075,187481,122690,31059,0,14615,187481,97075,31059,31059
109,1,7,142193,141659,32622,86572,66562,118214,142193,141659,32622,86572,118214,66562,52764,52764
110,1,3,133718,133718,19176,47526,99675,214894,133718,133718,19176,47526,,99675,17719,17719
111,1,3,161205,161205,15604,71626,115189,209729,161205,161205,15604,71626,,115189,2969,2969
112,1,1,254713,191399,136953,175698,185352,262966,,191399,136953,175698,,185352,191399,191399
113,1,1,320193,182615,66840,128064,315759,417558,,182615,66840,128064,,,182615,182615
114,1,5,133224,20486,32237,70209,72723,116263,133224,20486,32237,70209,116263,72723,20486,20486
115,1,1,77892,27882,895,12223,25143,98131,77892,27882,895,12223,98131,25143,27882,27882
116,1,9,287938,288988,159732,219269,207494,258411,,,159732,,,,191534,191534
117,1,2,178515,32015,42433,89521,123083,172233,178515,32015,42433,89521,172233,123083,32015,32015
118,1,1,159653,133769,955,4636,155166,287774,159653,133769,955,4636,,155166,77803,77803
119,1,1,116666,19431,26239,69581,58058,98194,116666,19431,26239,69581,98194,58058,19431,19431
120,1,1,170054,163696,3283,8604,167714,307313,170054,163696,3283,8604,,167714,54607,54607
121,1,7,16711,16711,9063,16773,11595,11926,16711,16711,9063,16773,11926,11595,16711,16711
122,1,5,81193,5948,6100,27580,35499,73449,81193,5948,6100,27580,73449,35499,5948,5948
123,1,1,146194,12320,22550,59093,123928,181004,146194,12320,22550,59093,181004,123928,12320,12320
124,1,1,154552,72431,1715,11349,134919,257827,154552,72431,1715,11349,,134919,72431,72431
125,1,1,359430,359148,229422,279034,281042,333139,,,,,,,267295,
126,1,5,245682,245682,32911,92751,236698,369443,,,32911,92751,,,69482,69482
127,1,7,196775,192748,82990,129941,129367,220739,196775,192748,82990,129941,,129367,167706,167706
128,1,1,81122,80995,3199,48063,28428,46806,81122,80995,3199,48063,46806,28428,16271,16271
129,1,7,39057,39057,6638,27869,12027,16840,39057,39057,6638,27869,16840,12027,39057,39057
130,1,7,114477,113944,15687,62300,39485,88697,114477,113944,15687,62300,88697,39485,37399,37399
131,1,5,142212,19491,27678,74288,82559,128752,142212,19491,27678,74288,128752,82559,19491,19491
132,1,1,264183,264056,150516,196989,199554,242518,,,150516,196989,,199554,188005,188005
133,1,6,99036,99036,10062,51168,28105,79462,99036,99036,10062,51168,79462,28105,22705,22705
134,1,1,227748,228159,105443,162953,151781,198670,,,105443,162953,198670,151781,136424,136424
135,1,1,196422,189640,85091,135145,131257,223027,196422,189640,85091,135145,,131257,170205,170205
136,1,1,156286,22875,31062,77672,97756,155445,156286,22875,31062,77672,155445,97756,22875,22875
137,1,1,117176,117176,11543,48391,79004,176534,117176,117176,11543,48391,176534,79004,1462,1462
138,1,1,55309,48228,1913,2787,12820,77279,55309,48228,1913,2787,77279,12820,48228,48228
139,1,5,157117,97799,54916,98965,111210,165370,157117,97799,54916,98965,165370,111210,97799,97799
140,1,1,176020,175964,28394,87701,103673,181324,176020,175964,28394,87701,181324,103673,17020,17020
141,1,2,93050,92926,8444,37032,50051,93603,93050,92926,8444,37032,93603,50051,53931,53931
142,1,1,137885,137758,32163,82215,74634,115093,137885,137758,32163,82215,115093,74634,73030,73030
143,1,1,24288,22259,1915,4958,441,11872,24288,22259,1915,4958,11872,441,22259,22259
144,1,1,389642,389642,101623,200083,371995,476429,,,101623,,,,184684,184684
145,1,7,103281,103261,11865,59810,41747,70168,103281,103261,11865,59810,70168,41747,38422,38422
146,1,1,169141,34263,20982,45425,152484,225153,169141,34263,20982,45425,,152484,34263,34263
147,1,1,246053,143464,133542,188619,189090,244799,,143464,133542,188619,,189090,143464,143464
148,1,7,221480,148010,119988,159520,172911,226128,,148010,119988,159520,,172911,148010,148010
149,1,1,268151,268151,15470,96323,251955,371625,,,15470,96323,,,63914,63914
150,1,1,178313,69190,64695,119369,121166,173719,178313,69190,64695,119369,173719,121166,69190,69190
151,1,1,105076,55940,2070,5521,63139,164871,105076,55940,2070,5521,164871,63139,55940,55940
152,1,1,24754,12237,522,4703,0,13201,24754,12237,522,4703,13201,0,12237,12237
153,1,3,42654,19352,8829,18496,3777,17299,42654,19352,8829,18496,17299,3777,19352,19352
154,1,1,17304,13545,3237,3236,1000,5672,17304,13545,3237,3236,5672,1000,13545,13545
155,1,1,20491,17463,13866,16592,12993,17681,20491,17463,13866,16592,17681,12993,17463,17463
156,1,3,45038,18854,7731,18029,3827,15658,45038,18854,7731,18029,15658,3827,18854,18854
157,1,7,281571,199500,179644,219898,233453,286581,,199500,179644,,,,199500,199500
158,1,1,93224,93217,5914,46444,22020,64906,93224,93217,5914,46444,64906,22020,31923,31923
159,1,1,37316,37338,571,5708,0,42418,37316,37338,571,5708,42418,0,37338,37338
160,1,5,106039,21874,16369,59397,48300,95191,106039,21874,16369,59397,95191,48300,21874,21874
161,1,1,121869,108020,149,5865,79510,210232,121869,108020,149,5865,,79510,79200,79200
162,1,9,211144,211357,89556,147624,134374,179714,,,89556,147624,179714,134374,118991,118991
163,1,2,223411,222877,56594,118255,160863,241869,,,56594,118255,,160863,59739,59739
164,1,7,252658,189298,135779,174524,184576,260912,,189298,135779,174524,,184576,189298,189298
165,1,1,228854,192132,119274,157232,150310,248094,,192132,119274,157232,,150310,192132,192132
166,1,3,104092,9977,4676,40839,42026,77318,104092,9977,4676,40839,77318,42026,9977,9977
167,1,4,229183,222549,119588,169205,166160,255937,,,119588,169205,,166160,205108,
168,1,1,45400,45400,1410,8712,1491,56291,45400,45400,1410,8712,56291,1491,34263,34263
169,1,1,86793,34427,720,42402,44258,98642,86793,34427,720,42402,98642,44258,34427,34427
170,1,1,262087,123230,47789,89032,257903,345029,,123230,47789,89032,,,123230,123230
171,1,1,92296,92288,5426,45956,21091,67727,92296,92288,5426,45956,67727,21091,21221,21221
172,1,1,48447,12012,6358,16100,804,39347,48447,12012,6358,16100,39347,804,12012,12012
173,1,1,28228,28228,1531,5632,338,17472,28228,28228,1531,5632,17472,338,28228,28228
174,1,1,202392,202392,13270,69292,169288,263347,,,13270,69292,,169288,12614,12614
175,1,3,371445,371445,85652,183928,353488,457041,,,85652,183928,,,166487,166487
176,1,1,286898,196971,23163,87140,285958,429455,,196971,23163,87140,,,196971,196971
177,1,1,226472,225938,59061,120858,163091,243446,,,59061,120858,,163091,63466,63466
178,1,5,175356,48116,51262,102875,117691,168771,175356,48116,51262,102875,168771,117691,48116,48116
179,1,7,189828,189828,26413,67570,168356,287890,189828,189828,26413,67570,,168356,17621,17621
180,1,2,181074,181074,54428,113986,98134,148711,181074,181074,54428,113986,148711,98134,78307,78307
181,1,4,181377,107998,82771,124196,130549,185199,181377,107998,82771,124196,185199,130549,107998,107998
182,1,1,164598,164598,4809,13065,151616,294601,164598,164598,4809,13065,,151616,41312,41312
183,1,1,116159,116281,17771,68649,54767,86153,116159,116281,17771,68649,86153,54767,51553,51553
184,1,1,174193,84671,71147,122220,121866,176612,174193,84671,71147,122220,176612,121866,84671,84671
185,1,8,188269,83216,74899,129977,131608,186887,188269,83216,74899,129977,186887,131608,83216,83216
186,1,5,213937,155649,95812,134658,147346,222264,,155649,95812,134658,,147346,155649,155649
187,1,1,123123,93988,31139,50931,60601,141443,123123,93988,31139,50931,141443,60601,93988,93988
188,1,1,77149,51860,1842,4763,23570,109863,77149,51860,1842,4763,109863,23570,51860,51860
189,1,1,356094,356168,51924,158524,358161,487147,,,51924,158524,,,152671,152671
190,1,1,130728,130833,25418,78264,61376,96430,130728,130833,25418,78264,96430,61376,41781,41781
191,1,1,61750,38155,199,11300,13728,80556,61750,38155,199,11300,80556,13728,38155,38155
192,1,1,223539,223539,20088,85709,187164,282125,,,20088,85709,,187164,22499,22499
193,1,1,59100,47022,895,1656,7922,76917,59100,47022,895,1656,76917,7922,47022,47022
194,1,1,111830,111297,14480,59675,36838,80653,111830,111297,14480,59675,80653,36838,23916,23916
195,1,1,263202,151384,141462,196539,206257,261966,,151384,141462,196539,,,151384,151384
196,1,1,171071,164822,59611,106232,105777,196389,171071,164822,59611,106232,196389,105777,142213,142213
197,1,7,178922,41972,22562,46545,169559,250066,178922,41972,22562,46545,,169559,41972,41972
198,1,1,119232,119232,12294,50216,80250,177428,119232,119232,12294,50216,177428,80250,1353,1353
199,1,7,98364,98081,14566,61767,41333,63889,98364,98081,14566,61767,63889,41333,25910,25910
200,1,7,329662,328961,36633,140389,326632,446112,,,36633,140389,,,122862,122862
201,1,3,91473,13904,8286,46303,33581,72603,91473,13904,8286,46303,72603,33581,13904,13904
202,1,1,136081,132401,4062,5699,109396,241988,136081,132401,4062,5699,,109396,61881,61881
203,1,1,155033,46754,47499,101478,97492,149441,155033,46754,47499,101478,149441,97492,46754,46754
204,1,1,206077,138503,103876,142982,159656,212323,,138503,103876,142982,,159656,138503,138503
205,1,1,37979,19732,5257,10697,224,35152,37979,19732,5257,10697,35152,224,19732,19732
206,1,1,320634,216445,204458,253442,262788,318429,,,,,,,216445,
207,1,1,30869,30696,1559,21983,1589,10556,30869,30696,1559,21983,10556,1589,1598,1598
208,1,5,94000,93992,6677,47207,22796,72717,94000,93992,6677,47207,72717,22796,16413,16413
209,1,8,254781,255853,132626,190644,178869,226364,,,132626,190644,,178869,163512,163512
210,1,1,217655,217122,62808,123885,144498,216831,,,62808,123885,,144498,67512,67512
211,1,1,194186,73812,6463,29664,189824,293450,194186,73812,6463,29664,,189824,73812,73812
212,1,6,310454,310698,205850,239270,247626,293958,,,,,,,240043,
213,1,1,62394,16484,0,13714,15702,66889,62394,16484,0,13714,66889,15702,16484,16484
214,1,5,190136,190136,11250,32142,194601,336408,190136,190136,11250,32142,,194601,46382,46382
215,1,1,144902,144830,29916,82644,64237,109698,144902,144830,29916,82644,109698,64237,40606,40606
216,1,1,228679,150821,8104,32807,234415,375046,,150821,8104,32807,,,150821,150821
217,1,1,228665,97097,19451,49376,224430,324024,,97097,19451,49376,,,97097,97097
218,1,1,134467,46796,34529,85454,80205,133900,134467,46796,34529,85454,133900,80205,46796,46796
219,1,1,158278,76927,1118,10902,140676,266473,158278,76927,1118,10902,,140676,76927,76927
220,1,1,236406,166446,1205,42438,246828,383755,,166446,1205,42438,,,162136,162136
221,1,1,16988,16988,6424,15838,11761,9287,16988,16988,6424,15838,9287,11761,11956,11956
222,1,1,1664,1664,1664,4285,1664,1664,1664,1664,1664,4285,1664,1664,1664,1664
223,1,1,163270,153555,0,5138,159651,293903,163270,153555,0,5138,,159651,59390,59390
224,1,1,13654,13654,566,4598,293,1903,13654,13654,566,4598,1903,293,13654,13654
225,1,1,107316,28218,17882,63293,52333,103354,107316,28218,17882,63293,103354,52333,28218,28218
226,1,6,153512,153540,37599,91562,73156,121390,153512,153540,37599,91562,121390,73156,50772,50772
227,1,1,115096,115096,16462,60018,44466,106834,115096,115096,16462,60018,106834,44466,21455,21455
228,1,1,872,872,872,3494,872,872,872,872,872,3494,872,872,872,872
229,1,1,245955,239173,125475,184679,176624,272560,,,125475,184679,,176624,219738,
230,1,1,54714,54714,1818,38274,14670,26779,54714,54714,1818,38274,26779,14670,10588,10588
231,1,1,94659,83267,0,1478,39029,149676,94659,83267,0,1478,149676,39029,83267,83267
232,1,1,93219,10162,6100,43142,32082,56545,93219,10162,6100,43142,56545,32082,10162,10162
233,1,1,122661,122574,21541,69896,48694,88385,122661,122574,21541,69896,88385,48694,23910,23910
234,1,9,210331,210582,86089,143278,127022,174925,,,86089,143278,174925,127022,110415,110415
235,1,1,99360,90217,53,3215,42708,160564,99360,90217,53,3215,160564,42708,82988,82988
236,1,1,187541,187007,53391,114341,114384,182300,187541,187007,53391,114341,182300,114384,70708,70708
237,1,6,205992,101398,91476,146553,149625,205334,,101398,91476,146553,,149625,101398,101398
238,1,1,88562,16673,5216,45246,33275,84261,88562,16673,5216,45246,84261,33275,16673,16673
239,1,9,284664,217249,180553,217631,233338,291068,,,180553,,,,217249,
240,1,7,235289,234806,5904,46346,244375,386910,,,5904,46346,,,88791,88791
241,1,1,387213,386512,91924,197716,380772,491903,,,91924,197716,,,180189,180189
242,1,1,39991,9951,6389,15253,3133,14459,39991,9951,6389,15253,14459,3133,9951,9951
243,1,8,156903,157406,20398,79363,88655,174447,156903,157406,20398,79363,174447,88655,5986,5986
244,1,1,202232,92093,1565,18693,197535,317317,,92093,1565,18693,,197535,92093,92093
245,1,7,254373,254100,132422,180683,181932,229797,,,132422,180683,,181932,169984,169984
246,1,1,55939,55939,4316,39596,15991,28004,55939,55939,4316,39596,28004,15991,1238,1238
247,1,6,98449,19407,13818,51807,39595,75101,98449,19407,13818,51807,75101,39595,19407,19407
248,1,1,60662,53581,5665,8141,17792,87762,60662,53581,5665,8141,87762,17792,53581,53581
249,1,8,207449,207750,85020,143088,130766,176426,,,85020,143088,176426,130766,115384,115384
250,1,1,314778,314778,43421,135763,296823,407955,,,43421,135763,,,108455,108455
251,1,1,135247,11819,20403,54916,115696,162340,135247,11819,20403,54916,162340,115696,11819,11819
252,1,6,236730,154680,138523,175217,186619,239920,,154680,138523,175217,,186619,154680,154680
253,1,7,160582,160287,51065,105877,95427,133155,160582,160287,51065,105877,133155,95427,83878,83878
254,1,1,117600,117705,23710,72532,54125,83302,117600,117705,23710,72532,83302,54125,34754,34754
255,1,1,225226,184689,117936,152967,149717,243021,,184689,117936,152967,,149717,184689,184689
256,1,1,186895,50236,22501,45549,181344,263011,186895,50236,22501,45549,,181344,50236,50236
257,1,1,48581,39980,809,2435,6097,62206,48581,39980,809,2435,62206,6097,39980,39980
258,1,1,215039,208405,110225,155061,157452,241793,,,110225,155061,,157452,196399,196399
259,1,1,262063,133810,19138,65309,257342,372306,,133810,19138,65309,,,133810,133810
260,1,6,167565,167593,48635,103721,86166,136738,167565,167593,48635,103721,136738,86166,67077,67077
261,1,16,301068,301289,186738,232618,242142,312482,,,186738,,,,262825,
262,1,1,193019,192486,57134,118144,119862,188452,193019,192486,57134,118144,188452,119862,74921,74921
263,1,20,295261,196031,184044,233028,241076,296418,,196031,184044,,,,196031,196031
264,1,1,52770,26112,954,12540,3341,61854,52770,26112,954,12540,61854,3341,26112,26112
265,1,1,306710,212116,200129,246032,253369,308046,,,,,,,212116,
266,1,1,300127,300127,63341,146603,272324,367284,,,63341,146603,,,101839,101839
267,1,6,51816,9155,1739,15357,7189,45733,51816,9155,1739,15357,45733,7189,9155,9155
268,1,1,226597,226302,105293,154789,154135,200093,,,105293,154789,,154135,142187,142187
269,1,1,123695,79598,348,929,88678,206496,123695,79598,348,929,,88678,79598,79598
270,1,1,85699,85497,2431,47649,29535,57461,85699,85497,2431,47649,57461,29535,26775,26775
271,1,8,27137,27137,6123,18419,4742,14200,27137,27137,6123,18419,14200,4742,27137,27137
272,1,1,209804,209680,98347,140530,155352,210682,,,98347,140530,,155352,153697,153697
273,1,1,137988,47044,37420,88953,83704,137399,137988,47044,37420,88953,137399,83704,47044,47044
274,1,1,58114,40054,292,7769,12056,77659,58114,40054,292,7769,77659,12056,40054,40054
275,1,9,218897,105710,96934,152011,162236,217069,,105710,96934,152011,,162236,105710,105710
276,1,5,29293,7315,5380,14971,2629,16104,29293,7315,5380,14971,16104,2629,7315,7315
277,1,1,208043,208043,15716,80267,197756,329437,,,15716,80267,,197756,27131,27131
278,1,1,153279,19934,29055,75175,92979,138774,153279,19934,29055,75175,138774,92979,19934,19934
279,1,1,314827,179192,54851,115963,310393,415885,,179192,54851,115963,,,179192,179192
280,1,1,153447,153447,38719,93391,75702,123430,153447,153447,38719,93391,123430,75702,55464,55464
281,1,1,163709,163818,25141,84374,91440,166821,163709,163818,25141,84374,166821,91440,12780,12780
282,1,7,93310,93310,9715,45579,27453,108495,93310,93310,9715,45579,108495,27453,5552,5552
283,1,9,161268,161141,53466,99453,98017,138853,161268,161141,53466,99453,138853,98017,96413,96413
284,1,1,177590,177698,31415,90939,105110,181320,177590,177698,31415,90939,181320,105110,20292,20292
285,1,5,192538,40347,51051,101715,134188,190297,192538,40347,51051,101715,190297,134188,40347,40347
286,1,1,361517,361517,76117,173818,343870,448453,,,76117,173818,,,156559,156559
287,1,7,253549,171648,153918,192323,202842,257026,,171648,153918,192323,,,171648,171648
288,1,6,211247,80748,78711,133385,152705,206522,,80748,78711,133385,,152705,80748,80748
289,1,1,207940,164682,6599,36369,236256,373301,,164682,6599,36369,,,109786,109786
290,1,1,144157,118487,48166,73015,75034,163560,144157,118487,48166,73015,163560,75034,118487,118487
291,1,1,64357,63824,2620,41611,18007,33736,64357,63824,2620,41611,33736,18007,1204,1204
292,1,1,85715,30493,522,13842,35758,117520,85715,30493,522,13842,117520,35758,30493,30493
293,1,9,105011,13728,8047,43287,45357,79296,105011,13728,8047,43287,79296,45357,13728,13728
294,1,1,109704,109170,12444,57548,34711,77713,109704,109170,12444,57548,77713,34711,17300,17300
295,1,5,230363,230291,33973,63699,236026,377833,,,33973,63699,,,73938,73938
296,1,1,140711,140711,16921,42381,108237,227024,140711,140711,16921,42381,,108237,21507,21507
297,1,1,202194,99759,89837,144914,145230,200939,,99759,89837,144914,,145230,99759,99759
298,1,1,42209,15610,5016,11478,75,23377,42209,15610,5016,11478,23377,75,15610,15610
299,1,1,85274,10402,4324,40986,27382,63999,85274,10402,4324,40986,63999,27382,10402,10402
300,1,1,384993,384993,107597,205299,367258,462219,,,107597,,,,183118,183118
301,1,5,557725,556543,430728,479809,482061,535006,,,,,,,468843,
302,1,1,118572,110995,167,5193,74978,204224,118572,110995,167,5193,,74978,75914,75914
303,1,1,167766,108448,65565,108521,121860,176020,167766,108448,65565,108521,176020,121860,108448,108448
304,1,3,281069,125447,66594,117598,275820,358464,,125447,66594,117598,,,125447,125447
305,1,7,252820,252820,28778,109631,227929,322889,,,28778,109631,,,49266,49266
306,1,4,222028,101436,96941,151615,164881,217433,,101436,96941,151615,,164881,101436,101436
307,1,1,318042,318042,47627,139601,300087,410955,,,47627,139601,,,111719,111719
308,1,8,288221,289166,148422,211681,199906,259495,,,148422,,,199906,184507,184507
309,1,1,82130,82130,6181,38948,14494,77095,82130,82130,6181,38948,77095,14494,2002,2002
310,1,1,296607,296607,45596,129234,277963,378323,,,45596,129234,,,91648,91648
311,1,6,7726,7726,5468,10347,5635,7405,7726,7726,5468,10347,7405,5635,7726,7726
312,1,1,241181,241181,58235,127040,185286,270123,,,58235,127040,,185286,72453,72453
313,1,1,203934,50587,46327,94129,169404,218617,,50587,46327,94129,,169404,50587,50587
314,1,1,386136,386136,109942,207644,367594,462555,,,109942,,,,186841,186841
315,1,1,163398,163398,14660,73625,108974,202156,163398,163398,14660,73625,,108974,8226,8226
316,1,1,161469,69502,56443,108252,107042,161788,161469,69502,56443,108252,161788,107042,69502,69502
317,1,3,281436,281837,167287,213167,222691,293030,,,167287,,,,239947,
318,1,1,125139,101728,36345,53138,59644,143683,125139,101728,36345,53138,143683,59644,101728,101728
319,1,3,228584,169198,1565,37122,242611,378528,,169198,1565,37122,,,145754,145754
320,1,3,190150,66589,9819,32810,185769,284787,190150,66589,9819,32810,,185769,66589,66589
321,1,2,52433,52433,599,25919,2117,20789,52433,52433,599,25919,20789,2117,27882,27882
322,1,4,211709,211709,46624,108204,153805,237078,,,46624,108204,,153805,47194,47194
323,1,1,73571,17565,832,37222,28859,83663,73571,17565,832,37222,83663,28859,17565,17565
324,1,1,209177,209177,40807,102468,153302,237774,,,40807,102468,,153302,41017,41017
325,1,1,202186,179686,96496,138063,132701,228922,,179686,96496,138063,,132701,179686,179686
326,1,1,273986,206571,167401,204297,216328,280390,,,167401,,,,206571,
327,1,1,120383,79702,348,929,84153,200842,120383,79702,348,929,,84153,79702,79702
328,1,1,54268,17322,7177,17313,5121,18205,54268,17322,7177,17313,18205,5121,17322,17322
329,1,1,256097,168245,152460,197003,203089,257767,,168245,152460,197003,,,168245,168245
330,1,1,170165,40466,16944,39483,161453,242698,170165,40466,16944,39483,,161453,40466,40466
331,1,1,162132,161726,17550,75661,101751,191966,162132,161726,17550,75661,191966,101751,4154,4154
332,1,1,154287,18239,21417,60874,133048,188648,154287,18239,21417,60874,188648,133048,18239,18239
333,1,1,166184,85573,373,8532,153663,284406,166184,85573,373,8532,,153663,85573,85573
334,1,7,270810,177487,6675,67413,266465,410082,,177487,6675,67413,,,177487,177487
335,1,1,74541,74541,325,2621,26034,118908,74541,74541,325,2621,118908,26034,62807,62807
336,1,1,136762,136575,36389,89178,74141,104932,136762,136575,36389,89178,104932,74141,61207,61207
337,1,7,323806,323806,58235,146654,304855,413368,,,58235,146654,,,117483,117483
338,1,1,128181,127647,18537,69076,53546,111305,128181,127647,18537,69076,111305,53546,38882,38882
339,1,8,21947,4434,2598,12189,2598,12798,21947,4434,2598,12189,12798,2598,4434,4434
340,1,1,77045,68165,12336,16603,25725,104288,77045,68165,12336,16603,104288,25725,68165,68165
341,1,9,249779,249779,17215,79642,244678,377423,,,17215,79642,,,70991,70991
342,1,1,88928,5250,5488,38467,40002,71102,88928,5250,5488,38467,71102,40002,5250,5250
343,1,9,279264,279485,164934,210814,220338,290678,,,164934,,,,237594,
344,1,1,98264,98235,8338,54793,36721,62926,98264,98235,8338,54793,62926,36721,33508,33508
345,1,1,120178,120159,22732,73492,58645,89608,120178,120159,22732,73492,89608,58645,54672,54672
346,1,1,224909,183767,117014,152651,149466,242705,,183767,117014,152651,,149466,183767,183767
347,1,1,216389,216389,13884,81030,206102,339084,,,13884,81030,,,32882,32882
348,1,8,136129,135595,23823,76460,62784,123637,136129,135595,23823,76460,123637,62784,38091,38091
349,1,1,211193,211193,30177,92102,156916,251877,,,30177,92102,,156916,40663,40663
350,1,1,83045,77592,0,1078,26934,126523,83045,77592,0,1078,126523,26934,77592,77592
351,1,1,199461,172453,1537,29840,228219,366286,199461,172453,1537,29840,,,83603,83603
352,1,1,82341,82183,7141,47671,22806,53103,82341,82183,7141,47671,53103,22806,10147,10147
353,1,1,158727,104479,75,879,146302,277924,158727,104479,75,879,,146302,104479,104479
354,1,16,255451,255169,132536,182820,180686,227987,,,132536,182820,,180686,167793,167793
355,1,5,320309,317471,20482,129354,329756,469222,,,20482,129354,,,132026,132026
356,1,9,244630,244711,120652,179626,164590,213067,,,120652,179626,,164590,148630,148630
357,1,1,8244,8244,3695,8614,4182,5020,8244,8244,3695,8614,5020,4182,1559,1559
358,1,1,289591,289812,175261,221141,230665,301005,,,175261,,,,247960,
359,1,6,161967,141200,59475,96590,92128,186858,161967,141200,59475,96590,186858,92128,141200,141200
360,1,1,302605,215776,202114,237982,251537,304666,,,,,,,215776,
361,1,7,280572,280444,162917,210192,212443,258907,,,162917,,,,200495,
362,1,1,88773,88773,7780,48310,23445,57992,88773,88773,7780,48310,57992,23445,32212,32212
363,1,1,291568,187742,12413,80964,285429,426219,,187742,12413,80964,,,187742,187742
364,1,1,227205,88553,28696,60838,223021,310063,,88553,28696,60838,,,88553,88553
365,1,8,54958,54943,20554,42466,22071,31038,54958,54943,20554,42466,31038,22071,40135,40135
366,1,1,318808,318829,69715,154503,296975,391935,,,69715,154503,,,116042,116042
367,1,1,219588,106685,97859,152936,162926,218205,,106685,97859,152936,,162926,106685,106685
368,1,1,333956,333255,38022,149430,332958,464126,,,38022,149430,,,132425,132425
369,1,1,150051,149517,37114,91787,73514,123123,150051,149517,37114,91787,123123,73514,55850,55850
370,1,3,60555,60431,1853,28543,18867,53023,60555,60431,1853,28543,53023,18867,29331,29331
371,1,1,244936,180424,2156,53451,254966,393905,,180424,2156,53451,,,160565,160565
372,1,1,201871,113944,97883,144444,148558,203418,,113944,97883,144444,,148558,113944,113944
373,1,5,215748,215748,50929,112243,153721,235182,,,50929,112243,,153721,51222,51222
374,1,3,111649,13345,13007,50537,49098,84650,111649,13345,13007,50537,84650,49098,13345,13345
375,1,1,200077,199795,80957,134834,125807,171703,,199795,80957,134834,171703,125807,113858,113858
376,1,3,166838,37402,43714,92200,108385,159329,166838,37402,43714,92200,159329,108385,37402,37402
377,1,1,160729,108643,689,1959,148046,282785,160729,108643,689,1959,,148046,103824,103824
378,1,3,2826,2826,2826,5447,2826,2826,2826,2826,2826,5447,2826,2826,2826,2826
379,1,1,187488,186954,59010,120698,112149,167607,187488,186954,59010,120698,167607,112149,99712,99712
